source_id,source_name,iso3_country,lat,lon,classification,replaceable_heat_mwh_th,available_land_km2,solar_capacity_factor,storage_type,project_start,steam_temp_c,status,load_target_mw,feasible_load_mw,max_solar_land_mw,exceeds_land_limit,site,load_MW,storage_technology,S_opt_MW,Heat_TES_power_MW,Heat_TES_charge_power_MW,Heat_TES_discharge_power_MW,Heat_TES_energy_MWh,TES_temp_max_C,TES_temp_min_C,TES_usable_energy_fraction_linear,TES_charge_discharge_ratio_min,TES_round_trip_efficiency,TES_electric_to_heat_efficiency,TES_max_storage_hours,TES_cost_model,TES_project_start_year,TES_process_temperature_c,TES_capex_kwh_input,TES_opex_frac_input,TES_lifetime_years_input,TES_discount_rate_input,TES_energy_capex_input_$/MWh,TES_power_capex_input_$/MW,TES_fixed_om_input_$/MWyr,TES_capex_input_includes_crf,Battery_capacity_MW,Battery_energy_MWh,LCOE_total_$perMWh,LCOE_solar_$perMWh,LCOE_batt_$perMWh,LCOE_TES_$perMWh,LCOE_unserved_$perMWh,Reliability_%,Unserved_MWh,Unserved_hours
44375327,Ybbstaler Zellstoff Pulp Mill,AUT,48.0250129,14.7628564,Pulp,283120.5429082484,12.116394579159492,0.1532892191780822,heat,2030,175.0,completed,32.319696679023785,32.319696679023785,1211.6,False,44375327.0,32.319696679023785,heat_TES,298.9281835401593,114.98542442571436,459.9416977028574,114.98542442571436,1379.8250931085722,1500.0,175.0,0.8833333333333333,4.0,0.97,0.98,12.0,battery_params,2030.0,175.0,20.0,0.02,25.0,0.07,20000.0,0.0,0.0,False,114.98542442571436,1379.8250931085722,55.72907680051247,45.41544817603038,10.313628624482096,10.313628624482096,0.0,89.99999999999979,28312.054290825425,988.0
44375328,Laakirchen Papier AG Pulp Mill,AUT,47.9770957,13.8161934,Paper/Board,0.0,32.91475791131133,0.1572709292237443,heat,2030,180.0,skipped_no_load,0.0,,,,,,,,,,,,,,,,,,,,,,,,,,,,,,,,,,,,,,,
44375329,UPM-Kymmene Steyrermuhl Austria Pulp Mill,AUT,47.9915494,13.8000831,Paper/Board,0.0,33.080947910672535,0.1573083436073059,heat,2030,180.0,skipped_no_load,0.0,,,,,,,,,,,,,,,,,,,,,,,,,,,,,,,,,,,,,,,
44375330,Mondi Neusiedler Pulp Mill,AUT,48.0732305,14.8091594,Integrated,365164.45979022817,20.05287447312442,0.1545876974885844,heat,2030,180.0,completed,41.68544061532285,41.68544061532285,2005.3,False,44375330.0,41.68544061532285,heat_TES,376.89955960716907,145.62457879074535,582.4983151629814,145.62457879074535,1747.4949454889445,1500.0,180.0,0.88,4.0,0.97,0.98,12.0,battery_params,2030.0,180.0,20.0,0.02,25.0,0.07,20000.0,0.0,0.0,False,145.62457879074535,1747.4949454889445,54.52327102877526,44.39614397326152,10.127127055513748,10.127127055513748,0.0,89.99999999999993,36516.44597902307,995.0
44375331,Papierfabrik Wattens GmbH & Co KG - Delfort,AUT,47.2969362,11.5903444,Paper/Board,0.0,4.990803723929136,0.165162558219178,heat,2030,180.0,skipped_no_load,0.0,,,,,,,,,,,,,,,,,,,,,,,,,,,,,,,,,,,,,,,
44375332,Burgo Ardennes Pulp Mill,BEL,49.5518274,5.5054045,Integrated,63582.37509397494,4.127360079500804,0.1419328333333333,heat,2030,180.0,completed,7.258261997029102,7.258261997029102,412.7,False,44375332.0,7.258261997029102,heat_TES,104.84807783181228,29.39065639372396,117.56262557489585,29.39065639372396,352.68787672468756,1500.0,180.0,0.88,4.0,0.97,0.98,12.0,battery_params,2030.0,180.0,20.0,0.02,25.0,0.07,20000.0,0.0,0.0,False,29.39065639372396,352.68787672468756,74.99711609398175,63.258615731722145,11.738500362259604,11.738500362259604,0.0,89.99999999999989,6358.237509397562,967.0
44375333,Svilocell EAD - Subsidiary of Svilosa AD,BGR,43.618351,25.3506224,Pulp,62272.56440329452,12.612911087435627,0.1765106415525114,heat,2030,175.0,completed,7.108740228686589,7.108740228686589,1261.3,False,44375333.0,7.108740228686589,heat_TES,47.62039594382566,19.587950773929737,78.35180309571895,19.587950773929737,235.05540928715683,1500.0,175.0,0.8833333333333333,4.0,0.97,0.98,12.0,battery_params,2030.0,175.0,20.0,0.02,25.0,0.07,20000.0,0.0,0.0,False,19.587950773929737,235.05540928715683,44.44351052468749,36.45561580073952,7.987894723947966,7.987894723947966,0.0,90.00000000000007,6227.256440329407,971.0
44375502,OP Pap√≠rna s.r.o. - Delfort,CZE,49.9596659,16.8653919,Paper/Board,76792.65681726599,9.533838956003944,0.1366260114155251,heat,2030,180.0,completed,8.766285024802054,8.766285024802054,953.4,False,44375502.0,8.766285024802054,heat_TES,104.02426468331096,37.02534314595132,148.10137258380527,37.02534314595132,444.30411775141584,1500.0,180.0,0.88,4.0,0.97,0.98,12.0,battery_params,2030.0,180.0,20.0,0.02,25.0,0.07,20000.0,0.0,0.0,False,37.02534314595132,444.30411775141584,71.25838483398262,59.01449317793076,12.243891656051852,12.243891656051852,0.0,89.9999999999996,7679.265681726896,979.0
44375503,Biocel Paskov Pulp Mill,CZE,49.717969,18.2946046,Pulp,147544.03325544298,19.85814965261346,0.1370148310502283,heat,2030,175.0,completed,16.84292617071267,16.84292617071267,1985.8,False,44375503.0,16.84292617071267,heat_TES,196.88783377877093,77.49188466195089,309.96753864780356,77.49188466195089,929.9026159434106,1500.0,175.0,0.8833333333333333,4.0,0.97,0.98,12.0,battery_params,2030.0,175.0,20.0,0.02,25.0,0.07,20000.0,0.0,0.0,False,77.49188466195089,929.9026159434106,71.47294487807787,58.13543815729117,13.337506720786688,13.337506720786688,0.0,90.00000000000009,14754.403325544175,969.0
44375504,Sappi Alfeld Kraft Pulp and Paper Mill,DEU,51.987118,9.819078,Integrated,314379.43535741617,10.537675049292954,0.1321588287671233,heat,2030,180.0,completed,35.888063396965315,35.888063396965315,1053.8,False,44375504.0,35.888063396965315,heat_TES,573.8292213186227,165.7139038055648,662.8556152222592,165.7139038055648,1988.5668456667777,1500.0,180.0,0.88,4.0,0.97,0.98,12.0,battery_params,2030.0,180.0,20.0,0.02,25.0,0.07,20000.0,0.0,0.0,False,165.7139038055648,1988.5668456667777,78.96230185547341,65.57648441301545,13.385817442457958,13.385817442457958,0.0,89.99999999999983,31437.943535742157,960.0
44375505,ZS Zellstoff Stendal GmbH - Mercer Stendal,DEU,52.726328,12.011216,Pulp,112074.2666380032,32.95540432553427,0.1334126278538812,heat,2030,175.0,completed,12.793866054566577,12.793866054566577,3295.5,False,44375505.0,12.793866054566577,heat_TES,178.38108998009713,57.55657961158945,230.2263184463578,57.55657961158945,690.6789553390734,1500.0,175.0,0.8833333333333333,4.0,0.97,0.98,12.0,battery_params,2030.0,175.0,20.0,0.02,25.0,0.07,20000.0,0.0,0.0,False,57.55657961158945,690.6789553390734,70.22396505413333,57.18241685754216,13.04154819659116,13.04154819659116,0.0,89.99999999999999,11207.426663800326,949.0
44375506,Heinrich Schaller Pappenfabrik e.K. Pulp Mill,DEU,50.0210149,12.0200894,Paper/Board,88074.52543265984,4.843722062887516,0.1398961506849315,heat,2030,180.0,completed,10.054169569938338,10.054169569938338,484.4,False,44375506.0,10.054169569938338,heat_TES,142.63382795460242,47.196999178465795,188.7879967138632,47.196999178465795,566.3639901415895,1500.0,180.0,0.88,4.0,0.97,0.98,12.0,battery_params,2030.0,180.0,20.0,0.02,25.0,0.07,20000.0,0.0,0.0,False,47.196999178465795,566.3639901415895,71.7907347193843,58.18242597456777,13.608308744816531,13.608308744816531,0.0,90.00000000000001,8807.452543265978,957.0
44375507,Dynos GmbH - Niederlassung Bad Durkheim,DEU,49.4515534,8.0629732,Paper/Board,88074.52543265984,0.0,0.1443997397260274,heat,2030,180.0,completed,10.054169569938338,10.054169569938338,0.0,False,44375507.0,10.054169569938338,heat_TES,150.89379543151125,34.460964914895776,137.8438596595831,34.460964914895776,413.5315789787493,1500.0,180.0,0.88,4.0,0.97,0.98,12.0,battery_params,2030.0,180.0,20.0,0.02,25.0,0.07,20000.0,0.0,0.0,False,34.460964914895776,413.5315789787493,71.4879161320883,61.551787599150586,9.936128532937715,9.936128532937715,0.0,90.00000000000009,8807.452543265914,983.0
44375508,Lenk Paper GmbH - Papierfabrik Schleipen,DEU,49.4648466,8.109916,Paper/Board,88074.52543265984,0.0255173519689223,0.1372903972602739,heat,2030,180.0,completed,10.054169569938338,10.054169569938338,2.6,True,44375508.0,10.054169569938338,heat_TES,261.7938253839474,38.63060065720862,188.83567512849325,38.63060065720862,463.5672078865034,1500.0,180.0,0.88,4.0,0.97,0.98,12.0,battery_params,2030.0,180.0,20.0,0.02,25.0,0.07,20000.0,0.0,0.0,False,38.63060065720862,463.5672078865034,117.92789234828612,106.78953292095916,11.13835942732696,11.13835942732696,0.0,90.00000000000006,8807.452543265927,991.0
44375509,Sprick GmbH Bielefelder Papier- und Wellpappenwerke & Co.- Hauptverwaltung,DEU,52.0249437,8.5625952,Paper/Board,88074.52543265984,0.5626968080789008,0.1299362659817351,heat,2030,180.0,completed,10.054169569938338,10.054169569938338,56.3,True,44375509.0,10.054169569938338,heat_TES,158.7987347465748,44.39955635938977,177.59822543755908,44.39955635938977,532.7946763126772,1500.0,180.0,0.88,4.0,0.97,0.98,12.0,battery_params,2030.0,180.0,20.0,0.02,25.0,0.07,20000.0,0.0,0.0,False,44.39955635938977,532.7946763126772,77.57805021742979,64.77632804041619,12.8017221770136,12.8017221770136,0.0,90.00000000000009,8807.452543265912,952.0
44375510,GRuNPERGA Papier Pulp Mill,DEU,50.7786198,13.1594074,Paper/Board,28860.578959419,6.801003028523525,0.1406313242009132,heat,2030,180.0,completed,3.2945866392030823,3.2945866392030823,680.1,False,44375510.0,3.2945866392030823,heat_TES,44.80899569754185,13.554871639332124,54.2194865573285,13.554871639332124,162.6584596719855,1500.0,180.0,0.88,4.0,0.97,0.98,12.0,battery_params,2030.0,180.0,20.0,0.02,25.0,0.07,20000.0,0.0,0.0,False,13.554871639332124,162.6584596719855,67.70714079358987,55.7801619395551,11.926978854034774,11.926978854034774,0.0,89.99999999999983,2886.05789594195,961.0
44375511,Essity Operations Mannheim GmbH Pulp Mill,DEU,49.5342827,8.4594229,Tissue,176149.05086531967,2.5696311654416575,0.1461797682648402,heat,2030,180.0,completed,20.108339139876676,20.108339139876676,257.0,False,44375511.0,20.108339139876676,heat_TES,253.0004594904503,66.96247915150185,267.8499166060074,66.96247915150185,803.5497498180223,1500.0,180.0,0.88,4.0,0.97,0.98,12.0,battery_params,2030.0,180.0,20.0,0.02,25.0,0.07,20000.0,0.0,0.0,False,66.96247915150185,803.5497498180223,61.25493950579042,51.60129513778424,9.653644368006182,9.653644368006182,0.0,90.00000000000003,17614.905086531915,964.0
44375512,Mercer Rosenthal GmbH - MR - Mercer International Group,DEU,50.4034989,11.7007465,Pulp,67017.38240523859,5.637548474568683,0.1368328299086758,heat,2030,175.0,completed,7.6503861193194735,7.6503861193194735,563.8,False,44375512.0,7.6503861193194735,heat_TES,116.80880979116246,34.40255933350262,137.6102373340105,34.40255933350262,412.8307120020315,1500.0,175.0,0.8833333333333333,4.0,0.97,0.98,12.0,battery_params,2030.0,175.0,20.0,0.02,25.0,0.07,20000.0,0.0,0.0,False,34.40255933350262,412.8307120020315,75.65520262608659,62.619232078213905,13.035970547872694,13.035970547872694,0.0,90.00000000000016,6701.7382405237495,962.0
44375515,Katz GmbH & Co. KG,DEU,48.7236271,8.3557998,Integrated,314379.43535741617,0.0035628172607421,0.1278729349315068,heat,2030,180.0,completed,35.888063396965315,35.888063396965315,0.4,True,44375515.0,35.888063396965315,heat_TES,1641.2984746545656,96.99348312882188,922.1605211843372,96.99348312882188,1163.9217975458623,1500.0,180.0,0.88,4.0,0.97,0.98,12.0,battery_params,2030.0,180.0,20.0,0.02,25.0,0.07,20000.0,0.0,0.0,False,96.99348312882188,1163.9217975458623,195.4003438108123,187.56553316152667,7.834810649285642,7.834810649285642,0.0,89.99999999999983,31437.943535742128,974.0
44375517,Smurfit Kappa Nervi√≥n Pulp Mill,ESP,43.1828069,-2.6605848,Integrated,280945.90863564913,0.1344737206957049,0.1745404805936073,heat,2030,180.0,completed,32.07145075749419,32.07145075749419,13.4,True,44375517.0,32.07145075749419,heat_TES,206.4658312319555,87.95601764853684,351.8240705941474,87.95601764853684,1055.4722117824422,1500.0,180.0,0.88,4.0,0.97,0.98,12.0,battery_params,2030.0,180.0,20.0,0.02,25.0,0.07,20000.0,0.0,0.0,False,87.95601764853684,1055.4722117824422,39.30641508258011,31.35612591958149,7.950289162998622,7.950289162998622,0.0,90.00000000000028,28094.590863564088,975.0
44375518,Grupo Empresarial ENCE S.A. Divis√≠on de Celulosa - Pulp Mill Pontevedra,ESP,42.4108321,-8.6759041,Pulp,613046.0074753803,0.1611326113482306,0.1894896175799087,heat,2030,175.0,completed,69.98242094467813,69.98242094467813,16.1,True,44375518.0,69.98242094467813,heat_TES,522.159525607045,159.75622166521464,639.0248866608586,159.75622166521464,1917.0746599825757,1500.0,175.0,0.8833333333333333,4.0,0.97,0.98,12.0,battery_params,2030.0,175.0,20.0,0.02,25.0,0.07,20000.0,0.0,0.0,False,159.75622166521464,1917.0746599825757,42.95951753497586,36.341852340197335,6.617665194778525,6.617665194778525,0.0,90.0000000000003,61304.60074753623,977.0
44375519,Grupo Empresarial ENCE S.A. Divis√≠on de Celulosa - Pulp Mill Navia,ESP,43.5275013,-6.7240832,Pulp,815410.7090128548,4.690444588595761,0.1852966655251141,heat,2030,175.0,completed,93.08341427087385,93.08341427087385,469.0,True,44375519.0,93.08341427087385,heat_TES,646.6217493421203,199.8835748697616,799.5342994790464,199.8835748697616,2398.602898437139,1500.0,175.0,0.8833333333333333,4.0,0.97,0.98,12.0,battery_params,2030.0,175.0,20.0,0.02,25.0,0.07,20000.0,0.0,0.0,False,199.8835748697616,2398.602898437139,40.060381795194225,33.83536143464803,6.225020360546191,6.225020360546191,0.0,90.00000000000024,81541.07090128359,972.0
44375521,Mets√§ Fibre Oy - √Ñ√§nekoski Mill,FIN,62.5907343,25.7521142,Paper/Board,556048.4665669282,2.5815819986137845,0.1163022694063926,heat,2030,180.0,completed,63.47585234782285,63.47585234782285,258.2,True,44375521.0,63.47585234782285,heat_TES,1972.5757786487088,5149.006086835571,20596.024347342285,5149.006086835571,61788.07304202685,1500.0,180.0,0.88,4.0,0.97,0.98,12.0,battery_params,2030.0,180.0,20.0,0.02,25.0,0.07,20000.0,0.0,0.0,False,5149.006086835571,61788.07304202685,401.581538673442,166.42836913014617,235.15316954329583,235.15316954329583,0.0,90.00000000000003,55604.84665669264,913.0
44375522,Mets√§ Fibre Oy Pulp Mill,FIN,60.170885,24.806265,Pulp,0.0,0.4060580156443875,0.1402031232876712,heat,2030,175.0,skipped_no_load,0.0,,,,,,,,,,,,,,,,,,,,,,,,,,,,,,,,,,,,,,,
44375523,UPM Group - Paper Industry,FIN,60.1671177,24.9517049,Integrated,796019.465559016,0.2897429554443359,0.1399632842465753,heat,2030,180.0,completed,90.86980200445387,90.86980200445387,29.0,True,44375523.0,90.86980200445387,heat_TES,3092.704965780866,952.8262221051632,3811.304888420652,952.8262221051632,11433.914665261957,1500.0,180.0,0.88,4.0,0.97,0.98,12.0,battery_params,2030.0,180.0,20.0,0.02,25.0,0.07,20000.0,0.0,0.0,False,952.8262221051632,11433.914665261957,212.66943991792093,182.2724841415015,30.396955776419414,30.396955776419414,0.0,90.0,79601.9465559015,933.0
44375524,Mets√§ Board Linerboard and Paper Division Kaskinen Mill,FIN,62.3822834,21.2277852,Pulp,0.0,0.2126957923889159,0.1352770091324201,heat,2030,175.0,skipped_no_load,0.0,,,,,,,,,,,,,,,,,,,,,,,,,,,,,,,,,,,,,,,
44375525,Mets√§ Board Cartonboard Division Joutseno Mill,FIN,61.1282381,28.4669153,Integrated,811161.3469930064,7.4052034467652526,0.1261264942922374,heat,2030,180.0,completed,92.59832728230668,92.59832728230668,740.5,True,44375525.0,92.59832728230668,heat_TES,4009.4038178612086,1220.6478139300675,4882.59125572027,1220.6478139300675,14647.77376716081,1500.0,180.0,0.88,4.0,0.97,0.98,12.0,battery_params,2030.0,180.0,20.0,0.02,25.0,0.07,20000.0,0.0,0.0,False,1220.6478139300675,14647.77376716081,270.10237521571554,231.8883127685821,38.21406244713348,38.21406244713348,0.0,90.00000000000001,81116.13469930046,928.0
44375526,Mets√§ Fibre Oy - Joutseno Mill,FIN,61.1279785,28.4477818,Integrated,852470.702778895,5.052339668074904,0.1261233995433789,heat,2030,180.0,completed,97.31400716654052,97.31400716654052,505.2,True,44375526.0,97.31400716654052,heat_TES,4214.452525135534,1283.086862949923,5132.347451799692,1283.086862949923,15397.042355399077,1500.0,180.0,0.88,4.0,0.97,0.98,12.0,battery_params,2030.0,180.0,20.0,0.02,25.0,0.07,20000.0,0.0,0.0,False,1283.086862949923,15397.042355399077,270.15820710157254,231.93591957937417,38.22228752219837,38.22228752219837,0.0,89.99999999999997,85247.07027788974,926.0
44375527,UPM Group - Paper Industry - Kaukas Mill,FIN,61.0663059,28.2307043,Tissue,551178.9296765693,3.7155535290877983,0.1270143219178082,heat,2030,180.0,completed,62.91996914116088,62.91996914116088,371.6,True,44375527.0,62.91996914116088,heat_TES,2878.52043885661,797.7344297593113,3190.937719037245,797.7344297593113,9572.813157111736,1500.0,180.0,0.88,4.0,0.97,0.98,12.0,battery_params,2030.0,180.0,20.0,0.02,25.0,0.07,20000.0,0.0,0.0,False,797.7344297593113,9572.813157111736,281.7636549852978,245.00955366269625,36.75410132260157,36.75410132260157,0.0,90.00000000000009,55117.89296765643,934.0
44375528,UPM Group - Paper Industry - Pietarsaari Mill,FIN,63.6744036,22.6966088,Paper/Board,244602.38516522184,2.8559466753331804,0.1272821894977168,heat,2030,180.0,completed,27.92264670835866,27.92264670835866,285.6,True,44375528.0,27.92264670835866,heat_TES,684.9466898809663,2085.008906992914,8340.035627971656,2085.008906992914,25020.106883914967,1500.0,180.0,0.88,4.0,0.97,0.98,12.0,battery_params,2030.0,180.0,20.0,0.02,25.0,0.07,20000.0,0.0,0.0,False,2085.008906992914,25020.106883914967,347.8366838934504,131.37187317501505,216.4648107184354,216.4648107184354,0.0,89.99999999999989,24460.238516522462,900.0
44375529,Mets√§ Fibre Oy - Rauma Mill,FIN,61.1108083,21.4601152,Paper/Board,153415.0532761392,1.6371628583383595,0.1422448915525114,heat,2030,180.0,completed,17.51313393563233,17.51313393563233,163.7,True,44375529.0,17.51313393563233,heat_TES,622.1228057990578,131.52779264823093,526.1111705929237,131.52779264823093,1578.333511778771,1500.0,180.0,0.88,4.0,0.97,0.98,12.0,battery_params,2030.0,180.0,20.0,0.02,25.0,0.07,20000.0,0.0,0.0,False,131.52779264823093,1578.333511778771,212.0170917950422,190.2455274456922,21.771564349350015,21.771564349350015,0.0,89.99999999999991,15341.505327614055,925.0
44375534,Aanekoski Bioproduct Pulp Mill,FIN,62.596,25.741,Tissue,996560.584078572,2.8187884162908814,0.1160496769406392,heat,2030,180.0,completed,113.76262375326164,113.76262375326164,281.9,True,44375534.0,113.76262375326164,heat_TES,3574.0589398492866,9159.36418254529,36637.45673018116,9159.36418254529,109912.37019054349,1500.0,180.0,0.88,4.0,0.97,0.98,12.0,battery_params,2030.0,180.0,20.0,0.02,25.0,0.07,20000.0,0.0,0.0,False,9159.36418254529,109912.37019054349,401.6540357583986,168.25357973767888,233.4004560207197,233.4004560207197,0.0,90.00000000000013,99656.0584078559,902.0
44375535,Enocell Pulp Mill,FIN,62.919186,30.230598,Integrated,1655148.301584591,0.3200769853119495,0.1121521746575342,heat,2030,180.0,completed,188.94387004390308,188.94387004390308,32.0,True,44375535.0,188.94387004390308,heat_TES,6927.362491953837,12516.568794818557,50066.27517927423,12516.568794818557,150198.82553782267,1500.0,180.0,0.88,4.0,0.97,0.98,12.0,battery_params,2030.0,180.0,20.0,0.02,25.0,0.07,20000.0,0.0,0.0,False,12516.568794818557,150198.82553782267,388.3914626512823,196.3528954621258,192.0385671891565,192.0385671891565,0.0,90.00000000000011,165514.8301584571,913.0
44375536,Kaskinen Pulp Mill,FIN,62.22108,21.144193,Paper/Board,149484.08760212685,0.0,0.1376693641552511,heat,2030,180.0,completed,17.064393561886625,17.064393561886625,0.0,False,44375536.0,17.064393561886625,heat_TES,692.1760125165976,407.283900209557,1629.135600838228,407.283900209557,4887.4068025146835,1500.0,180.0,0.88,4.0,0.97,0.98,12.0,battery_params,2030.0,180.0,20.0,0.02,25.0,0.07,20000.0,0.0,0.0,False,407.283900209557,4887.4068025146835,286.4238895719368,217.23404469449173,69.18984487744504,69.18984487744504,0.0,89.99999999999993,14948.408760212811,928.0
44375539,Rauma Pulp Mill,FIN,61.111671,21.466299,Paper/Board,261844.822272758,1.823024505863803,0.1422478310502282,heat,2030,180.0,completed,29.890961446661873,29.890961446661873,182.3,True,44375539.0,29.890961446661873,heat_TES,1061.691511108821,224.50938065075945,898.0375226030378,224.50938065075945,2694.1125678091134,1500.0,180.0,0.88,4.0,0.97,0.98,12.0,battery_params,2030.0,180.0,20.0,0.02,25.0,0.07,20000.0,0.0,0.0,False,224.50938065075945,2694.1125678091134,211.99558181359484,190.22196477001387,21.77361704358098,21.77361704358098,0.0,89.99999999999983,26184.482227276236,927.0
44375543,Facture Biganos Pulp and Paper Mill,FRA,44.629661,-0.975188,Paper/Board,84393.64868489759,0.0,0.1695067317351598,heat,2030,180.0,completed,9.633978160376437,9.633978160376437,0.0,False,44375543.0,9.633978160376437,heat_TES,74.6392061587583,22.73694411815872,90.94777647263489,22.73694411815872,272.8433294179046,1500.0,180.0,0.88,4.0,0.97,0.98,12.0,battery_params,2030.0,180.0,20.0,0.02,25.0,0.07,20000.0,0.0,0.0,False,22.73694411815872,272.8433294179046,38.995143955451326,32.15346943235816,6.841674523093163,6.841674523093163,0.0,90.00000000000011,8439.364868489667,973.0
44375544,Golbey Pulp and Paper Mill,FRA,48.210464,6.425649,Integrated,20360.669041437948,5.4099617131266315,0.1537957739726027,heat,2030,180.0,completed,2.324277287835382,2.324277287835382,541.0,False,44375544.0,2.324277287835382,heat_TES,29.96525831891297,9.009635148561076,36.0385405942443,9.009635148561076,108.1156217827329,1500.0,180.0,0.88,4.0,0.97,0.98,12.0,battery_params,2030.0,180.0,20.0,0.02,25.0,0.07,20000.0,0.0,0.0,False,9.009635148561076,108.1156217827329,64.74239747080674,53.50527177794992,11.237125692856807,11.237125692856807,0.0,89.99999999999999,2036.0669041437964,974.0
44375545,Mimizan Pulp and Paper Mill - Paper Bags,FRA,44.207946,-1.249265,Integrated,179110.7857644,1.482998833595186,0.1757993630136986,heat,2030,180.0,completed,20.44643673109589,20.44643673109589,148.3,False,44375545.0,20.44643673109589,heat_TES,144.2033264197035,50.222432419998874,200.8897296799955,50.222432419998874,602.6691890399865,1500.0,180.0,0.88,4.0,0.97,0.98,12.0,battery_params,2030.0,180.0,20.0,0.02,25.0,0.07,20000.0,0.0,0.0,False,50.222432419998874,602.6691890399865,36.39068672117809,29.27009503451545,7.120591686662649,7.120591686662649,0.0,90.0,17911.07857643999,974.0
44375546,Saillat-sur-Vienne Pulp and Paper Mill,FRA,45.876393,0.817428,Pulp,87819.48540408956,8.143406704103716,0.1596170913242009,heat,2030,175.0,completed,10.025055411425749,10.025055411425749,814.3,False,44375546.0,10.025055411425749,heat_TES,103.24726886128305,26.46718606028659,105.86874424114636,26.46718606028659,317.60623272343906,1500.0,175.0,0.8833333333333333,4.0,0.97,0.98,12.0,battery_params,2030.0,175.0,20.0,0.02,25.0,0.07,20000.0,0.0,0.0,False,26.46718606028659,317.60623272343906,50.39578323573332,42.742338307801816,7.653444927931499,7.653444927931499,0.0,90.0,8781.948540408945,975.0
44375548,Tarascon Pulp Mill,FRA,43.780612,4.652488,Paper/Board,61156.2114611422,21.85704295057946,0.2095127716894977,heat,2030,180.0,completed,6.98130267821258,6.98130267821258,2185.7,False,44375548.0,6.98130267821258,heat_TES,36.01502321472081,12.274609060461133,49.09843624184453,12.274609060461133,147.29530872553357,1500.0,180.0,0.88,4.0,0.97,0.98,12.0,battery_params,2030.0,180.0,20.0,0.02,25.0,0.07,20000.0,0.0,0.0,False,12.274609060461133,147.29530872553357,26.506767083729827,21.40985462690471,5.096912456825115,5.096912456825115,0.0,89.99999999999993,6115.621146114259,1011.0
44375549,Drava Paper Mill,HRV,45.85666053657,17.3978741551187,Paper/Board,6910.27220104754,52.63216680306201,0.1686803847031963,heat,2030,180.0,completed,0.7888438585670707,0.7888438585670707,5263.2,False,44375549.0,0.7888438585670707,heat_TES,5.716854911242463,2.128133654006794,8.512534616027176,2.128133654006794,25.537603848081528,1500.0,180.0,0.88,4.0,0.97,0.98,12.0,battery_params,2030.0,180.0,20.0,0.02,25.0,0.07,20000.0,0.0,0.0,False,2.128133654006794,25.537603848081528,49.59679349834069,41.77612596708962,7.820667531251067,7.820667531251067,0.0,90.00000000000009,691.0272201047476,1001.0
44375550,Drvenjaƒça d.d. Pulp Mill,HRV,45.2997443,14.7213856,Paper/Board,1053.3601771234455,0.0113947131347655,0.1676553573059361,heat,2030,180.0,completed,0.1202465955620371,0.1202465955620371,1.1,False,44375550.0,0.1202465955620371,heat_TES,0.923801474166142,0.3443100100571566,1.3772400402286264,0.3443100100571566,4.13172012068588,1500.0,180.0,0.88,4.0,0.97,0.98,12.0,battery_params,2030.0,180.0,20.0,0.02,25.0,0.07,20000.0,0.0,0.0,False,0.3443100100571566,4.13172012068588,52.58681163910566,44.28614767866111,8.300663960444554,8.300663960444554,0.0,90.00000000000018,105.33601771234277,985.0
44375551,Dunacell Kft. Pulp Mill,HUN,46.927179,18.9365433,Pulp,14167.945494185957,33.262703403920135,0.1682535924657534,heat,2030,175.0,completed,1.6173453760486252,1.6173453760486252,3326.3,False,44375551.0,1.6173453760486252,heat_TES,12.0969990889703,5.057697071101994,20.230788284407975,5.057697071101994,60.69236485322392,1500.0,175.0,0.8833333333333333,4.0,0.97,0.98,12.0,battery_params,2030.0,175.0,20.0,0.02,25.0,0.07,20000.0,0.0,0.0,False,5.057697071101994,60.69236485322392,50.21103000036161,41.14564995764434,9.065380042717267,9.065380042717267,0.0,90.00000000000016,1416.7945494185726,996.0
44375633,Global Cellulose Fibers - Gdansk Modified Fiber Plant - International Paper,POL,54.356974,18.485606,Pulp,665949.3222636406,12.138932080172667,0.1403608504566209,heat,2030,175.0,completed,76.02161213055258,76.02161213055258,1213.9,False,44375633.0,76.02161213055258,heat_TES,1203.1303831541386,380.57510935454974,1522.300437418199,380.57510935454974,4566.901312254597,1500.0,175.0,0.8833333333333333,4.0,0.97,0.98,12.0,battery_params,2030.0,175.0,20.0,0.02,25.0,0.07,20000.0,0.0,0.0,False,380.57510935454974,4566.901312254597,100.19305122833406,85.68064994521984,14.512401283114228,14.512401283114228,0.0,89.99999999999979,66594.93222636537,967.0
44375634,Schumacher Packaging Myszk√≥w Pulp Mill,POL,50.573395,19.319579,Paper/Board,143730.2563422144,7.940828057775878,0.1402128744292237,heat,2030,180.0,completed,16.407563509385206,16.407563509385206,794.1,False,44375634.0,16.407563509385206,heat_TES,185.090921878846,70.57680063827608,282.30720255310433,70.57680063827608,846.921607659313,1500.0,180.0,0.88,4.0,0.97,0.98,12.0,battery_params,2030.0,180.0,20.0,0.02,25.0,0.07,20000.0,0.0,0.0,False,70.57680063827608,846.921607659313,73.54248385316266,61.072845847588525,12.469638005574144,12.469638005574144,0.0,89.99999999999989,14373.0256342216,990.0
44375635,Mondi ≈öwiecie Pulp Mill,POL,53.393136,18.378309,Integrated,564764.3127210792,23.609049598250344,0.1343013070776255,heat,2030,180.0,completed,64.4708119544611,64.4708119544611,2360.9,False,44375635.0,64.4708119544611,heat_TES,1028.2753595653944,369.80716251372814,1479.2286500549126,369.80716251372814,4437.685950164738,1500.0,180.0,0.88,4.0,0.97,0.98,12.0,battery_params,2030.0,180.0,20.0,0.02,25.0,0.07,20000.0,0.0,0.0,False,369.80716251372814,4437.685950164738,102.97653801982788,86.34822652516337,16.628311494664533,16.628311494664533,0.0,89.9999999999998,56476.43127210907,964.0
44375636,Leirosa Bleached Eucalyptus Pulp Mill,PRT,40.050547,-8.875138,Pulp,27693.821796523916,2.656211322040153,0.2139855034246575,heat,2030,175.0,completed,3.1613951822515887,3.1613951822515887,265.6,False,44375636.0,3.1613951822515887,heat_TES,17.595154807422382,5.943622989304662,23.774491957218647,5.943622989304662,71.32347587165594,1500.0,175.0,0.8833333333333333,4.0,0.97,0.98,12.0,battery_params,2030.0,175.0,20.0,0.02,25.0,0.07,20000.0,0.0,0.0,False,5.943622989304662,71.32347587165594,33.995701919556716,28.545552115456484,5.450149804100233,5.450149804100233,0.0,89.99999999999997,2769.3821796524007,1007.0
44375637,Celbi Caima Dissolving Pulp Mill,PRT,39.471564,-8.333286,Pulp,28952.631877375068,6.307033078445974,0.2126047397260274,heat,2030,175.0,completed,3.30509496317067,3.30509496317067,630.7,False,44375637.0,3.30509496317067,heat_TES,17.63975091226619,6.6645299590549785,26.65811983621991,6.6645299590549785,79.97435950865975,1500.0,175.0,0.8833333333333333,4.0,0.97,0.98,12.0,battery_params,2030.0,175.0,20.0,0.02,25.0,0.07,20000.0,0.0,0.0,False,6.6645299590549785,79.97435950865975,33.21914462279661,27.37364609966204,5.845498523134572,5.845498523134572,0.0,89.99999999999973,2895.2631877375843,1020.0
44375638,The Navigator Company - Cacia Pulp Mill,PRT,40.6845188,-8.5901778,Pulp,80563.84522031852,3.0410346082897703,0.2042516746575342,heat,2030,175.0,completed,9.196785984054625,9.196785984054625,304.1,False,44375638.0,9.196785984054625,heat_TES,54.5548674526331,21.82224207471474,87.28896829885896,21.82224207471474,261.8669048965769,1500.0,175.0,0.8833333333333333,4.0,0.97,0.98,12.0,battery_params,2030.0,175.0,20.0,0.02,25.0,0.07,20000.0,0.0,0.0,False,21.82224207471474,261.8669048965769,37.30295553140172,30.424368101939372,6.878587429462346,6.878587429462346,0.0,89.99999999999979,8056.38452203202,991.0
44375639,Figueira da Foz BEKP Pulp and Paper Mill,PRT,40.059689,-8.853132,Integrated,373914.34646219393,4.569399031152104,0.2138781232876712,heat,2030,180.0,completed,42.684286125821224,42.684286125821224,456.9,False,44375639.0,42.684286125821224,heat_TES,237.59202969994385,80.64741399962072,322.5896559984829,80.64741399962072,967.7689679954486,1500.0,180.0,0.88,4.0,0.97,0.98,12.0,battery_params,2030.0,180.0,20.0,0.02,25.0,0.07,20000.0,0.0,0.0,False,80.64741399962072,967.7689679954486,34.02600593847994,28.54880849887532,5.4771974396046215,5.4771974396046215,0.0,90.00000000000014,37391.434646218826,1005.0
44375640,Fapajal - F√°brica de Papel do Tojal S.A. Pulp Mill,PRT,38.8603802,-9.126352,Paper/Board,184531.18576734888,7.4175946587095964,0.2179986438356164,heat,2030,180.0,completed,21.065203854720192,21.065203854720192,741.8,False,44375640.0,21.065203854720192,heat_TES,112.291474321528,34.46916657334098,137.8766662933639,34.46916657334098,413.6299988800917,1500.0,180.0,0.88,4.0,0.97,0.98,12.0,battery_params,2030.0,180.0,20.0,0.02,25.0,0.07,20000.0,0.0,0.0,False,34.46916657334098,413.6299988800917,32.083948768825344,27.34042490997309,4.743523858852253,4.743523858852253,0.0,89.9999999999995,18453.118576735815,1001.0
44375641,The Navigator Company - Set√∫bal Mill,PRT,38.49203572,-8.807280032,Integrated,360794.5448056839,0.716014385787186,0.2222053127853881,heat,2030,180.0,completed,41.18659187279496,41.18659187279496,71.6,True,44375641.0,41.18659187279496,heat_TES,202.03831372057493,64.38546148113748,257.54184592454993,64.38546148113748,772.6255377736497,1500.0,180.0,0.88,4.0,0.97,0.98,12.0,battery_params,2030.0,180.0,20.0,0.02,25.0,0.07,20000.0,0.0,0.0,False,64.38546148113748,772.6255377736497,29.691271595486935,25.159500871860576,4.531770723626356,4.531770723626356,0.0,90.00000000000003,36079.4544805683,1019.0
44375648,Bukocel a.s. Pulpmill - Buk√≥za Holding Pulp Mill,SVK,48.8633371,21.7287537,Pulp,93605.417977401,35.34121420023241,0.1434642979452055,heat,2030,175.0,completed,10.685549997420203,10.685549997420203,3534.1,False,44375648.0,10.685549997420203,heat_TES,126.97569521612512,42.70607200587219,170.82428802348875,42.70607200587219,512.4728640704662,1500.0,175.0,0.8833333333333333,4.0,0.97,0.98,12.0,battery_params,2030.0,175.0,20.0,0.02,25.0,0.07,20000.0,0.0,0.0,False,42.70607200587219,512.4728640704662,72.7813486291101,61.19547678952419,11.5858718395859,11.5858718395859,0.0,89.99999999999999,9360.541797740105,979.0
44375649,Mondi SCP Pulp Mill,SVK,49.0782433,19.3182058,Integrated,41566.77561606035,3.2281777160965266,0.144524055936073,heat,2030,180.0,completed,4.745065709595931,4.745065709595931,322.8,False,44375649.0,4.745065709595931,heat_TES,49.534759361500406,20.279580533622703,81.11832213449082,20.279580533622703,243.35496640347247,1500.0,180.0,0.88,4.0,0.97,0.98,12.0,battery_params,2030.0,180.0,20.0,0.02,25.0,0.07,20000.0,0.0,0.0,False,20.279580533622703,243.35496640347247,66.14998575558758,53.760516290258074,12.389469465329498,12.389469465329498,0.0,90.00000000000013,4156.677561605982,974.0
44375650,VIPAP VIDEM KR≈†KO d.d. Pulp Mill,SVN,45.9561765,15.4921437,Integrated,141091.9535364205,9.940465343828038,0.1619255422374429,heat,2030,180.0,completed,16.10638739000234,16.10638739000234,994.0,False,44375650.0,16.10638739000234,heat_TES,127.47657871149087,49.431133090678,197.724532362712,49.431133090678,593.173597088136,1500.0,180.0,0.88,4.0,0.97,0.98,12.0,battery_params,2030.0,180.0,20.0,0.02,25.0,0.07,20000.0,0.0,0.0,False,49.431133090678,593.173597088136,50.23235755691023,41.33546393025321,8.896893626657018,8.896893626657018,0.0,89.99999999999983,14109.19535364228,1000.0
44375651,Nordic Paper,SWE,59.2957139419109,14.1316787525493,Paper/Board,8536.119923576303,5.872817743030504,0.1396439200913242,heat,2030,180.0,completed,0.9744429136502628,0.9744429136502628,587.3,False,44375651.0,0.9744429136502628,heat_TES,23.830447995059505,7.513748716985293,30.054994867941172,7.513748716985293,90.16498460382353,1500.0,180.0,0.88,4.0,0.97,0.98,12.0,battery_params,2030.0,180.0,20.0,0.02,25.0,0.07,20000.0,0.0,0.0,False,7.513748716985293,90.16498460382353,139.03375529253282,116.68073368192064,22.353021610612185,22.353021610612185,0.0,89.99999999999989,853.6119923576397,940.0
44375652,Domsj√∂ Fabriker AB,SWE,63.2900474,18.7166166,Pulp,21703.851134608496,3.5516403981798357,0.1378184086757991,heat,2030,175.0,completed,2.4776085770101024,2.4776085770101024,355.2,False,44375652.0,2.4776085770101024,heat_TES,125.35678420780836,35.35918859966974,141.43675439867897,35.35918859966974,424.31026319603694,1500.0,175.0,0.8833333333333333,4.0,0.97,0.98,12.0,battery_params,2030.0,175.0,20.0,0.02,25.0,0.07,20000.0,0.0,0.0,False,35.35918859966974,424.31026319603694,282.77259175520214,241.4006821043675,41.37190965083468,41.37190965083468,0.0,90.00000000000013,2170.385113460825,918.0
44375653,Stora Enso Consumer Board Fors Mill,SWE,60.128161,18.643501,Integrated,22190.37331653975,0.0556372710434857,0.1342846152968036,heat,2030,180.0,completed,2.5331476388744005,2.5331476388744005,5.6,True,44375653.0,2.5331476388744005,heat_TES,74.97293870835992,23.85652872304684,95.42611489218736,23.85652872304684,286.2783446765621,1500.0,180.0,0.88,4.0,0.97,0.98,12.0,battery_params,2030.0,180.0,20.0,0.02,25.0,0.07,20000.0,0.0,0.0,False,23.85652872304684,286.2783446765621,168.51188780056978,141.21062586395763,27.30126193661214,27.30126193661214,0.0,90.00000000000003,2219.037331653968,929.0
44375654,S√∂dra Cell AB - S√∂dra Cell M√∂nster√•s,SWE,57.0932528661614,16.5531215056192,Pulp,43994.2928363162,0.7953837258911133,0.148029455479452,heat,2030,175.0,completed,5.02217954752468,5.02217954752468,79.5,True,44375654.0,5.02217954752468,heat_TES,85.58653371967408,29.47335157295571,117.89340629182284,29.47335157295571,353.68021887546854,1500.0,175.0,0.8833333333333333,4.0,0.97,0.98,12.0,battery_params,2030.0,175.0,20.0,0.02,25.0,0.07,20000.0,0.0,0.0,False,29.47335157295571,353.68021887546854,98.3213129750972,81.30861224631555,17.012700728781674,17.012700728781674,0.0,89.99999999999984,4399.429283631688,929.0
44375655,S√∂dra Cell AB - S√∂dra Cell M√∂rrum,SWE,56.1938314,14.748156,Pulp,27569.75684375236,7.521224111256918,0.1483278481735159,heat,2030,175.0,completed,3.1472325164100865,3.1472325164100865,752.1,False,44375655.0,3.1472325164100865,heat_TES,50.4931256531536,15.452767386031416,61.811069544125665,15.452767386031416,185.433208632377,1500.0,175.0,0.8833333333333333,4.0,0.97,0.98,12.0,battery_params,2030.0,175.0,20.0,0.02,25.0,0.07,20000.0,0.0,0.0,False,15.452767386031416,185.433208632377,90.7803086315731,76.54675276346924,14.233555868103863,14.233555868103863,0.0,89.99999999999982,2756.975684375287,938.0
44375657,Sylvamo Nym√∂lla Mill - Sylvamo Pulp Mill,SWE,56.043586,14.4629943,Integrated,40782.30772087888,12.013095365444046,0.1472677294520548,heat,2030,180.0,completed,4.6555145800090045,4.6555145800090045,1201.3,False,44375657.0,4.6555145800090045,heat_TES,75.66598055621292,22.80171393960615,91.2068557584246,22.80171393960615,273.6205672752738,1500.0,180.0,0.88,4.0,0.97,0.98,12.0,battery_params,2030.0,180.0,20.0,0.02,25.0,0.07,20000.0,0.0,0.0,False,22.80171393960615,273.6205672752738,91.74373105629974,77.54544980955879,14.198281246740946,14.198281246740946,0.0,89.99999999999986,4078.230772087945,941.0
44375658,Stora Enso Packaging Boards Skoghall Mill - Udden,SWE,59.3234598,13.4595214,Integrated,77966.17652955715,1.73111185912691,0.1415229429223744,heat,2030,180.0,completed,8.900248462278213,8.900248462278213,173.1,True,44375658.0,8.900248462278213,heat_TES,203.8768780330238,70.38542216012537,281.5416886405015,70.38542216012537,844.6250659215045,1500.0,180.0,0.88,4.0,0.97,0.98,12.0,battery_params,2030.0,180.0,20.0,0.02,25.0,0.07,20000.0,0.0,0.0,False,70.38542216012537,844.6250659215045,132.21758648399933,109.29220548912323,22.92538099487609,22.92538099487609,0.0,89.99999999999983,7796.617652955839,939.0
44375659,SCA Ortviken Pulp Mill,SWE,62.390811,17.306927,Pulp,17597.717134124887,1.465337290653483,0.1372083675799086,heat,2030,175.0,completed,2.008871818964028,2.008871818964028,146.5,False,44375659.0,2.008871818964028,heat_TES,37.51398601528183,156.60975733198907,626.4390293279563,156.60975733198907,1879.3170879838688,1500.0,175.0,0.8833333333333333,4.0,0.97,0.98,12.0,battery_params,2030.0,175.0,20.0,0.02,25.0,0.07,20000.0,0.0,0.0,False,156.60975733198907,1879.3170879838688,315.09419880851436,89.09725660786691,225.99694220064748,225.99694220064748,0.0,90.0000000000001,1759.7717134124705,907.0
44375660,SCA Massa √ñstrands massafabrik SCA Graphic Sundsvall AB Pulp Mill,SWE,62.4854563,17.3248651,Pulp,52793.15140438265,2.5214103857974783,0.1382181461187215,heat,2030,175.0,completed,6.026615457121307,6.026615457121307,252.1,True,44375660.0,6.026615457121307,heat_TES,264.9176109831212,86.3651841232347,345.4607364929388,86.3651841232347,1036.3822094788163,1500.0,175.0,0.8833333333333333,4.0,0.97,0.98,12.0,battery_params,2030.0,175.0,20.0,0.02,25.0,0.07,20000.0,0.0,0.0,False,86.3651841232347,1036.3822094788163,251.27338610522415,209.73006667605057,41.54331942917364,41.54331942917364,0.0,89.9999999999999,5279.31514043832,922.0
44375661,S√∂dra Cell AB - S√∂dra Cell V√§r√∂,SWE,57.2502804,12.1823234,Pulp,44580.88341077803,13.988095733331058,0.1444597157534246,heat,2030,175.0,completed,5.089141941869638,5.089141941869638,1398.8,False,44375661.0,5.089141941869638,heat_TES,81.24839256521204,25.792769514185917,103.17107805674368,25.792769514185917,309.513234170231,1500.0,175.0,0.8833333333333333,4.0,0.97,0.98,12.0,battery_params,2030.0,175.0,20.0,0.02,25.0,0.07,20000.0,0.0,0.0,False,25.792769514185917,309.513234170231,90.86397087713384,76.17168445811889,14.692286419014945,14.692286419014945,0.0,89.99999999999982,4458.088341077882,947.0
